comment_text,author,likes,published_at,channel_id,reply_count
"Yes jack black and Jason Momoa. JJ team up. This is going to be bigger than avatar. At least the real ""story"" of how much avatar will really make.  So glad to see my man jblack back in the movies. I love you JB",@DemaYuga-sx3kb,2,2025-01-19 15:56:35+00:00,UCGjnSyvjEE7wFhBO8wXvWHQ,0
Looks definitely much better than what disney makes nowadays!!! Looking forward to seeing this on the big screen!,@DachnikU.,0,2025-01-19 16:22:42+00:00,UC4H4cI5ZcA24sU-OlY7b_4Q,0
0:51 idc abt the rest of the movie i cheerish this dog ü•π,@alaya_nova,0,2025-01-19 22:56:56+00:00,UCjTJTP-OhKRtjgKNEW-0RZA,0
"I.. am Steve.
What is thi-
""The Order of the Stone.""
*eating popcorn intensifies*
(this comment does not mean to attack how the movie looks, just a little joke)",@darkandlight1757,21,2025-01-20 00:53:44+00:00,UCbIJ5YAgoDwiQ7Bg2BVOhSg,0
"the bee looks cute (also the 'As a child, I yearned for the mines' bit is a funny reference to that one meme - if it was intentional)",@abraxanAc0lyte,0,2025-01-20 04:57:45+00:00,UCg28N-YSXp2jQeIxIgYRU4w,0
i prefer to make them fight the ender dragon to go back to the real world instead of fighting the piglin. i mean basic minecraft right?,@Najimi_animation,1,2025-01-20 14:01:57+00:00,UCQgbxy6kiEjOCoVHiE9x-kg,0
Looks decent. At least Kevin Hart or the Rock isn't in it.,@fillpereira,1,2025-01-20 14:13:27+00:00,UCtjoZ93pakjzvOoi8cD_nmQ,0
I love the use of fated to pretend in this trailer,@thesoaringscepter4325,0,2025-01-21 04:21:33+00:00,UCFzSUal0N0ap5aeKNlfL_9Q,0
Imagine with me if they went to the world of vows üíÄ,@ÿ¥ÿßŸÖÿßŸÜ-ŸÑ2Ÿà,0,2025-01-21 05:38:29+00:00,UCvm23BTmVnAHni5P3158L-g,0
You can making Slendrina Granny saga movie This like wizard DVloper ?,@falenkahunaibrahim5870,0,2025-01-21 12:20:09+00:00,UCl1FKadDuvU6VjpuSSy-NMg,0
It is packed with ten years' worth of World's effort and excitement.‚ù§üò≠,@kensuofficial,0,2025-01-21 12:30:41+00:00,UC51De3AUrZsxvgLYeh3_VTw,0
0:46 you don't think bees in this movie is so big??,@BenyaminTpz,0,2025-01-21 13:59:18+00:00,UC7AKc-f6H-WfoGizOnyZF0w,0
"1:58 
""Yeah, right.""
""AHHHHHHH!!!!""
""Aaaaand‚Ä¶ that was the only one I had. No biggie!""",@imaimingatyou,0,2025-01-21 17:50:14+00:00,UCFgsIklhmboOoaZrOY7mAhw,0
"Y'all, I just found the song that MUST play at the ending credits ""treehouse"" it's so dam nostalgic.",@harrybai8122,0,2025-01-21 18:11:45+00:00,UCQMNSjd6IdStEg6xGDDt4qQ,0
"1:07 what track is playing here? 
is it one of the c418 creations? if yes, i seem to not be able to find it",@mefi1750,0,2025-01-21 20:04:27+00:00,UC_jVcpHmG1qQIdT1wvxSxcg,1
"‚ÄúYou were supposed to be a hero, Brian!‚Äù

*Brian starts floating into the air*

‚ÄúTime to get a little‚Ä¶Creative.‚Äù ‚ÄúI‚Äôm taking this up a Notch.‚Äù",@ckristjon,405,2025-01-21 21:28:04+00:00,UCinVskCnK9mXoj5qONP5CFg,6
"First Warcraft movie, then Minecraft movie. Wonder if Starcraft is next.",@samueloconnor8546,0,2025-01-21 22:57:31+00:00,UCm_e-BLEw5MwMLFS2Vcu_SQ,0
"Ya quiero que al final de la peli, steve diga yo soy el minecraft movie",@davidcastilloo_,0,2025-01-22 00:42:03+00:00,UC6MnDInuuGFRJ4X5EyA8KMw,0
i think the minecraft movie will begin with steve telling us his backstory when he's done telling us he will then say this is the story of. and then the title would appear,@marlenaryan6822,1,2025-01-22 01:04:30+00:00,UCpBd3xwQvNJ5CFuBvG72QHQ,0
"if you compare this trailer to the first one, it's slightly better. If not, it's seems soo bad",@Canelit4,2,2025-01-22 04:23:25+00:00,UCMt-K7KH1wD3LiGZPHaLFMg,1
Nah why can‚Äôt they just keep it like real Minecraft bruh üò¢üò¢,@Lyton_Roblox,0,2025-01-22 17:39:51+00:00,UCSrLwi4J3wNwUUAz9xzDTSg,0
"""Anything you can dream about here... you can make!""
Why do i love that so much?",@InfiniteEntInc,56,2025-01-22 19:41:09+00:00,UCTgzMplIJIu1YOf6adrIR8g,1
"OMG, the sounds... Never thought Minecraft can be this good in live action. üòç",@IndiBoxest,1,2025-01-23 00:36:15+00:00,UCu_vcXn9jTrvqCK7b_S2iSA,0
"I hope that ""Hip To Be Square"" by Huey Lewis & The News is somewhere in this movie!!!!",@NaomiAnderson-c4i,1,2025-01-23 01:41:44+00:00,UCfI4QWN1PGM-r-ifBf7mcbg,0
This just went to the top of my watch listüéâüòÅüòç,@RichardPritt-l2q,1,2025-01-23 21:51:23+00:00,UCpCUNS_GBuDZgCH-4YNVvCg,0
"‚ÄúAnything you can dream about here, you can make!‚Äù

-Steve",@Mustep,7,2025-01-24 04:57:02+00:00,UCY3TI5FWz0MDEEygxQUbekQ,0
I can‚Äôt believe all they had to say is ‚Äúyearned for the mines‚Äù and public sentiment flipped overnight. I can‚Äôt believe people are this easily duped,@farissoliman7282,1,2025-01-24 22:09:04+00:00,UCTEDKJt4ZyRn75fa1Ex3n8g,0
"I will be honest, it might be fun but minecraft deserves better like I don't care if it's humans who enters the video game, but atleast mention in the ancient builders bro",@KaisArmougom,0,2025-01-24 23:48:25+00:00,UC-twiFDiYxbXgZyb5YVC1zA,0
"0:32  if translated, it would be iron gold stone gate head homeüòÖ",@valen-i7t,2,2025-01-25 01:14:44+00:00,UC9F2ctRu3FuiIrI3roIfAQA,0
I just wish Technoblade were here to see this üòû,@thedogsdaily123,2,2025-01-25 01:17:05+00:00,UCjHolWvCS3fpxu-y39XSjcA,1
We already had enough with the Pixels and Jumanji fiascoü§ß,@astro-u1i7b,0,2025-01-25 02:11:32+00:00,UCw7hoqRYHM_5bRDQ515Xkrw,0
When one puts a pickaxe down another picks theirs up,@crawshark1430,0,2025-01-25 06:55:42+00:00,UC2IS7tcj5nSht-lCpPsJgbg,0
‚ÄúAs a sperm cell I yearned for the mines‚Äù-class clown Corbin,@MostSuperRandomAhhGuy,0,2025-01-25 07:09:29+00:00,UCuQKtAIKeHvAaFosLcuhRhg,0
I am not convinced. A animated version would have been better. And it would have been more interesting if Steve doesn't talk.,@theshadow7201,0,2025-01-25 08:27:59+00:00,UCHCYJWTodwTUj5shkpqLZNg,0
I think if they had animated all characters the movie would be great,@ZalaDigvijay-11,2,2025-01-25 13:10:20+00:00,UCDWB7eA8BL-K6qV0TcJo7pQ,0
Its freaking jack black!!!! A legend!!!!! He is the most perfect guy for this role for his natural comedic presence.,@KayneMoreno33,1,2025-01-25 14:47:32+00:00,UCucwzqCCaYbXOAoxQCnfAkQ,0
"Don‚Äôt get me wrong I‚Äôm still exited to see how this turns out but I feel like there would me
Way more interest if it was animated",@Alextomps,1,2025-01-25 15:35:09+00:00,UC2oFmC6pBD9osBq6nnM_EPg,0
"- Going to rent this when it comes out on DvD

‚Ä¢ Gets a book call ‚ÄùMein Kampf‚Äù instead üòÜüòéü§ôüèΩ",@zakken1042,0,2025-01-25 19:03:53+00:00,UCXPWnC9dnh5wwe0AYzhPGPA,0
"Being a little too old for the whole Minecraft thing, i missed most of it. But I have dabbled now and then. This looks excellent and I cant wait for it. 100 percent due to the success of the FNAF movie.",@Glasweg1an,0,2025-01-25 19:20:24+00:00,UC7rEX-Gvitmj8_dfCUIUxYA,0
so Jason Momoa is Macho Man combined with Dr. Disrespect with a splash of barbie,@DankHillCometh,1,2025-01-25 20:42:02+00:00,UCHkMJ47MKiQJ_OmjakAWebg,0
I was in my local Fairhope Ravenite Pizzeria when Time to Pretend played on the radio. I‚Äôm like ‚Äú:0 A MINECRAFT MOVIE IS CALLING ME‚Äù and my parents are like ‚ÄúWhat‚Äôs Minecraft?‚Äù -_-,@Artemis-q3d,2,2025-01-25 22:57:12+00:00,UCv06Pxkgndh0ZrM_AgZnnkg,5
Î≠ê Ïù¥Í≤å.. ÎßàÏù∏ÌÅ¨ÎûòÌîÑÌä∏ ÏßÑÏßú Ïï†ÎãàÎ©îÏù¥ÏÖò.. Î≠ê Ïö∞Î¶¨ Í∑∏ÎÉ• Ïö∞Î¶¨ Î≥¥Î©¥ Î¥§Ïñ¥!!,@nigelsy4427,0,2025-01-26 03:20:17+00:00,UC8ZDPoh1udUaSI0Hgr_pOQg,0
this seems like the perfect movie to watch while drunk,@gingerfool,1,2025-01-26 15:16:48+00:00,UCtyjg6audMiphHAFWykxfcw,0
"the line ""as a child, i yearned for the mines"" had me and my brother absolutely losing it when this played in the theater. and it can't help but make me think: ok, maybe this movie won't be that bad",@_harpollo_,0,2025-01-26 22:29:31+00:00,UCEnHNpcKrnrT-IkQcDUAZlw,0
I may boycott it in protest for this movie is clearly based on the inferior bedrock edition. SHAME! SHAME! SHAME!,@tfduleadership,1,2025-01-27 02:43:42+00:00,UCfNjToHekEWq73r4_nWtIRw,0
Steve es un zombie curado o eso creo no una persona de otra dimension externa a minecraft,@PabloCorbalan-nm3zw,0,2025-01-27 13:28:26+00:00,UC3X8Spta56VVZGTWJSDldqw,0
1:33 they haven't notice one thing that when piglins comes to overworld they bacomes into zombie fight piglin!!,@isuckateverygame-89,0,2025-01-27 15:33:02+00:00,UCbDIm0gLRAo3NPg8C7_ssUg,0
I finally realized something. The reason it isnt based on the dragon is because steve already killed it! Hence why they have elytras,@notDonixx,0,2025-01-27 20:57:27+00:00,UCOi-LTL1vDzVvzvNv3eyVWw,0
I finally realized something. The reason it isnt based on the dragon is because steve already killed it! Hence why they have elytras,@notDonixx,0,2025-01-27 20:57:39+00:00,UCOi-LTL1vDzVvzvNv3eyVWw,0
You guys are genuinely destroying Minecraft and Jack Black's name,@Sabengtung,0,2025-01-28 00:51:52+00:00,UC-qkgy05gP1n9TRuBKPKxfQ,1
Anyone gonna mention how Jack Black was just lured to the mines by the tesseract?,@austinmuse140,2,2025-01-28 03:32:01+00:00,UCZ2zPIF4ZF6_KvkkYk2cyiw,0
so excited to see what they got in store w this movie,@brownie4more,0,2025-01-28 12:05:59+00:00,UCAdZzKF65jcAPXiSmfFffVw,0
"It still looks meh. I feel bad for all the talented creative involved who had their hard work turned to, basically slop.",@bushybeardedbear,1,2025-01-28 19:58:18+00:00,UCZlMyHey7sEC9zBW5Dp5e6Q,0
"So all along, the movie was never bad. It's just that they didn't use the good parts in the first trailer. But behind that horrible teaser trailer was a good movie.",@this.heathers.fan.is.autistic,2,2025-01-28 23:28:05+00:00,UCaGJroRmDEm4Rmb8_n9FFhw,0
Did Steve beat the dragon? Because they have elytra‚Äôs. Not one. TWO,@BustoMakesVideos,1,2025-01-29 02:19:13+00:00,UCZPQ4gD9EDcTQEYD8sM8zYw,0
As a tennis ball I yearned for the yoylelite üòÇ,@Poopiedookiedoo,0,2025-01-29 02:37:40+00:00,UC7gkH5FSWGecU6h0HIt6Lqw,0
"It looks way better than the first trailer but half of the actors are really annoying (the beard dude, the big dude and the depressed girl).",@mrrandom1265,1,2025-01-29 03:23:47+00:00,UCmTjSyyQAJL1QavAc4ZkGUg,0
Now why can't the in game graphics look like this?,@merisonola,0,2025-01-29 04:22:37+00:00,UCegHuq9KgCiC_nvo4q9AHpg,0
This looks like the original sonic trailer but 100x worse. They have already screwed this movie,@tysoncottam893,0,2025-01-29 04:44:52+00:00,UCPW8AZLV9IuMNuVdWw5O2fw,0
"The good thing about this movie is if it's ""nostalgia"" for some kids, at least it's going to have a banger (the music in 1:06)",@BroReallyFoundThis,0,2025-01-29 04:57:52+00:00,UCqE7EVgIg00BCDxn6ucMvJw,0
I call it THE Minecraft Movie. IDK why it is A Minecraft Movie. That is just dumb,@MillseyYT,0,2025-01-29 06:07:07+00:00,UCq9t2c00FgYkSsFnDrwxl0w,0
"I wish it was a complete animated movie, just looks out of place putting real people in a world of CGI and greenscreen. Could have taken the Lego movie approach",@justpassingby3158,1,2025-01-29 12:15:51+00:00,UCeNoqpys6y2512p8kQhWUcA,0
"Mojang what is this, characters need to be square, why is the nether portal blue",@naberm√ºd√ºr10,2,2025-01-29 12:27:51+00:00,UC1NMnQ94G0E4p3Yn7OPrAaw,1
It really tried to correct stuff however this movie is pointless and why are they human like and jack black is not Steve god this just an awful idea awful lol,@moviemadness8545,2,2025-01-29 13:47:15+00:00,UCFkVyPRYnoBOZTpC2kzZbVg,0
I mean... I know it's a cash grab. But at least it looks hella accurate to the games.,@gjbsarmeri3957,0,2025-01-29 19:45:36+00:00,UC9Vj8LHBnAYWY6U8YNmXDhQ,0
Piglins should turn zombifed because they aren't in the nether- 1:27,@n_Idiott,2,2025-01-29 20:26:03+00:00,UCgt6L8zoyV3n6WI0Mf0oofg,0
not gonna lie this movie is starting to look good now. i dont really like the look of steves design and the weird off-grid mishapen blocks but it still looks good.,@zippdoesstuffyt,1,2025-01-29 22:39:10+00:00,UCEru7YfBfK3URvKNwdmhaGg,0
Bro Dogman is going to do better than this movie just because the plot line is better üò≠üò≠üôè,@Zeekes_19,0,2025-01-29 23:55:35+00:00,UCL-SDUinWx0ORRmZveHF2Yg,0
Why do people think this is better than the first one? Its still trash guys. Are yall woke washed or just high on positivity pills?,@Schlauermxnsch,0,2025-01-30 00:02:13+00:00,UCJW8VAmaWxeS_v_-4S7Dt7w,2
Could of just kept the real life version in the beginning and when he teleported in look like a Minecraft character animated thou,@mrrmgaming6922,0,2025-01-30 01:27:21+00:00,UCe9VUxPWI6rtx7zAvwcgb4w,0
"""As a child I yearned for the mines""
Nice! More sweatshop labor!",@Palladium000,0,2025-01-30 04:10:55+00:00,UCQwndJ_fQ0xx72XTIF_Hl1w,0
they really used the roundest man to play the blockiest character,@chiemorrison7117,2,2025-01-30 10:45:04+00:00,UC8CS720wKVjIVwRTYmps_Aw,0
I'm excited it releases in my summer break and birthday,@donstephenarias5580,1,2025-01-30 11:31:39+00:00,UCxxPiumdar05R6YCuMiRDeQ,0
Too bad Jack Black is a radical left Marxist lol,@AnaterZ,2,2025-01-30 15:24:24+00:00,UCSSNvYkqOE9gVg-DS2gTMWw,0
"I unironically kind of want to watch this, besides C418.",@pepitocarman,0,2025-01-30 15:49:19+00:00,UCN4soUCQWrODFTctToguttw,0
"IM EXCITED FOR THE MINECRAFT MOVIE, i was obsessed with MINECRAFT FOR YEARS i have a collection of MINECRAFT toys",@Scp-8125,1,2025-01-30 18:20:11+00:00,UCV_bN2U7fzhCSwhAsMozlvg,0
"Man this movie looks so cringe, can‚Äôt wait till it comes out so I can enjoy it and not complain about it at all",@unny5739,2,2025-01-30 19:37:04+00:00,UCPPv6nFJsUJ_nOws59zQtJg,0
"A Minecraft Movie is rated PG for violence/action, language, suggestive/rude humor and some scary images.......",@roxytheunicorn9781,0,2025-01-30 22:54:33+00:00,UChn4rz0-tOhWG5Up7A0IdwQ,0
Jack black as Steve is a utter disservice to Minecraft as a whole.,@tmbatrex2245,0,2025-01-31 03:50:44+00:00,UCwEvKFNwxuQNJOVrIUuIKzw,0
Yo what‚Äôs the name of this shaders pack and voice mod?,@local_basement_rat,0,2025-01-31 06:02:21+00:00,UCPV6IpRSXy6ajsD2EvEAXFw,0
I dont care how bad it is. Im still gonna watch it and say its good.,@notbreadcrumbs,1,2025-01-31 07:31:21+00:00,UCUKNTd3V6CrkALyziad-6yQ,1
"Still won‚Äôt watch it. 

Should‚Äôve been 100% animated. Also, tf is the story even about? Either way, it makes 0 f sense.",@JackZebra,3,2025-01-31 12:37:28+00:00,UCspwYkz_NsNrUj0VFSHzG-w,1
And that was the only one I had... no biggie,@lunaandrine8567,0,2025-01-31 17:05:11+00:00,UCSP0fkZfoFKIyFpbml5uGRA,0
Me encanta el trailer es mucho mejor que el anterior,@DReposteras,2,2025-01-31 17:47:26+00:00,UCzZfBwKlrVJfxXKrnVWyJOg,0
"1:28 ermmm dont pigeons turn zombified if they go into the overworld?
*piglins",@JustZumbieyes,0,2025-02-01 01:44:29+00:00,UCfOoSz3NJC85yHZD_cvsVrA,0
"So the plot is Fallen Kingdom story

The piglins attempting to takeover the overworld 

Dear god",@LambFlameman,1,2025-02-01 06:53:49+00:00,UCJZSTwAkgYoNT_vpxQHONAg,0
1:21 looks like those realistic physics fluids i feel like theyre leaning into it fr,@CamelCraft_,0,2025-02-01 13:24:31+00:00,UC4-Q7Ff4HB-UyJHOhxYpBMQ,0
Since Jack Black plays in Jumanji Khun fu panda Goosebumps and the voice of Bowser in super Mario bros movie,@IsraelJimenez-np3fv,1,2025-02-01 16:07:41+00:00,UCrpIhELH1GXaODhuovJVJBA,0
"Minecraft was my first ever game that I played and after seeing this I wish this was released few decades later after I‚Äôm dead, so at least i know it never existed.",@ARKed069,0,2025-02-01 16:26:19+00:00,UCKx6cUOkG1hpjBvsuU3ficw,0
they're ABSOLUTELY messing with the thumbs up/down numbers on this one.  Their first video has 1.8 million thumbs down.  This trailer has the exact opposite ratio.,@jacobcook7,0,2025-02-01 20:57:33+00:00,UCy7LA0wJR6QTM_3S1hAFQCQ,0
"There is alot of dislikes for this trailer, idk why all the hate. Is it just because of Jack Black?",@SuperLapplander,0,2025-02-01 22:16:41+00:00,UC5592r0fFmLZPikit6z-VYA,1
"How this movie should've been
as soon as you enter the portal it became animated. that would've saved the movie but nope its just live action terrible live action.",@MidnightVCoco,0,2025-02-01 22:47:46+00:00,UCAnyE4W8wpEyzScBtSYJjwA,0
I'm so glad that it's coming out on my birthday,@Dodofan874,0,2025-02-02 02:15:21+00:00,UCtS_8nqZiSh-ENHCcloiIwg,0
If they get rid of Jack black id watch it.,@bigbeefjoedaddy,1,2025-02-02 02:59:13+00:00,UC7wAAlvIqyVLXUnV3rLzAAw,0
Bro literally only has a blue shirt üòÇüòÇ no costume? They slapped a shirt on him and said ‚ÄúDONE.‚Äù,@Knojay_0,0,2025-02-02 03:07:20+00:00,UCIstcn2oTOhzmEtbhE6w1tA,0
"Yknow, I usually get goosebumps no matter what trailer Im watching

This gave me nothing",@Angie_fluffy_bootz_official,0,2025-02-02 03:24:09+00:00,UCfSAcPbA7iKVF8-assB-puw,0
"""Only in theaters 2025"" 
If i go in 2026, will it be gone?",@DutchBrosOnTop,1,2025-02-02 05:15:00+00:00,UC38cxqPJGS0H95sTO5oBTsw,0
This is going to be the greatest movie of all time !!,@liliumpthpumpernickle8462,1,2025-02-02 06:31:10+00:00,UCkumb5-xd91_xI6aKtByB5w,0
"APAGUEM ESSE FILME E FA√áAM UMA ANIMA√á√ÉO, PELO AMOR DE DEUS, ISSO TA HORRIVEL, DA VONTADE DE ARRANCAR MEUS OLHOS",@Cego_Cegueta_1,0,2025-02-02 06:53:18+00:00,UCvxi5Avw9ZIs5NYYGPHjIJA,0
"The comment section is flooded with robot comments trying to gaslight you,nobody wants to see jack black,stop running cover for him",@JorgeGarcia-ex3mq,2,2025-02-02 15:13:52+00:00,UCliO5Li2KkXqCvlGDq4INrg,0
The biggest dumpster fire of all time in movie history.,@DainBaptist-x4y,0,2025-02-02 15:38:26+00:00,UCQ6Yv8K3dg-8nBm62WbpPvg,0
Garbage. Jack is trash.  Same guy just in a blue shirt,@quarterblacktravis,4,2025-02-02 17:34:05+00:00,UCAAf0viT9wnivmq6REjSwIA,0
to all the haters go touch some grass not in minecraft but in real life to think you gonna hate on a movie is just a movie get some air plz,@thorraes1841,1,2025-02-02 18:40:21+00:00,UC9vC6y0waF0166SZ1kgAUBw,1
Those ghast blimps are pretty cool not gonna like. üòÇ,@RUGER5264,0,2025-02-03 04:11:18+00:00,UC4qTem2NtuRt88Y_85BQz8A,0
"The movie hasn't come out yet, and it looks like garbage (still).
Should've listened to the fans and made it into a Lego Movie like animation.",@mutedeternal,1,2025-02-03 06:51:58+00:00,UCSyDLnqF4DQXRgoJKiVmm-Q,2
"I feel that this is gonna have a you were supposed to be a hero brian moment like the meme  but brian is actually ""garret the garbage man garrison"" but hey thats just a theory a game theory",@Lordstarscream1500,0,2025-02-03 10:07:42+00:00,UCFXf3-ZEwAZolyE1BYLsOIA,0
"Sooo, maybe it's not really cool?..It's like a cheap Minecraft show. I'm in shoke",@Rushi404,1,2025-02-03 12:02:40+00:00,UCWB5cbvpj8RSDCZLqZ_5Y3g,0
Brooo this movie could be an April fools prank ?,@ÿ®ÿßÿ™ŸÖÿßŸÜ-ÿ∏5ŸÇ,1,2025-02-03 17:49:34+00:00,UCyakH-_PRZxT-sKgq9YUUEA,1
*I love this movie so much I wish it would release in theatres 3 days earlier.*,@christakpan,1,2025-02-04 00:38:33+00:00,UCchn4pJtk0sxwjmIaH3wy2Q,0
Those sellout ytubers' comments w/ check mark at the top comments.. A big YIKES!,@HaRacycEBLErAtIng,3,2025-02-04 02:52:20+00:00,UCkMCIw7ZkI3B2SdeLAnHfoA,0
Imagine if mumbo jumbo was there.   They would have dominated,@shadowking-shadow,0,2025-02-04 04:37:57+00:00,UCOTvIaeT8Do6K1vamCFSbWQ,0
I dont get why everyone's praising the movie over a corny joke,@shrewbrinacarpenter,3,2025-02-04 06:05:47+00:00,UCc5bPXZqOmeW5R4cHo-nOdA,0
No hay ni√±os? No me gustaron los personajes no se ajustan,@carolag8685,0,2025-02-04 11:56:28+00:00,UCXPzgkzr35sUzDF7QOLiWaA,0
yooo guys you should seriously check the trailer by Neytirix its jus too good,@Sooraj-h2d,0,2025-02-04 14:47:18+00:00,UCY01NXG8JDRYeeeERSjV87A,1
I sure hope C418 is getting royalties for this. If not I'm not watching.,@FPV_LAB,0,2025-02-05 02:38:13+00:00,UCHvvrCyDJLChtXfud8QiJLQ,0
I feel like this is actually going to be a great movie now that they show more of the characters and items and animals and creatures from the actual game the zombies look really good. Also they have a natural design. This is gonna be great especially the chicken part.,@KingWright-d7v,0,2025-02-05 04:03:51+00:00,UCKVE_WIg4WIHPmoMzpMrZPA,0
Is no one gonna talk about how cute that bee is at 0:03,@justatrike3430,4,2025-02-05 08:19:40+00:00,UCchX_Juu6LC__tTUtm3-qlA,0
"1:20 Why not full-automatic?!?
Steve you stupid Noob! 
Should have casted the Joecraft",@Luis-y9l,0,2025-02-05 10:29:12+00:00,UCqZtzHel6Yl9reiy6tnfB7A,3
"There is one more thing you need to know ""We're Not Square"".",@BESTBeforeExpiration,0,2025-02-05 12:44:26+00:00,UCWp4ZuSnpBYP_mxvCaqxoHg,0
This movie still sucks. You guys switch up so fast.,@darksun4029,3,2025-02-05 13:58:54+00:00,UCwYaoLA_CCf0Ppd79sEitMQ,4
"If there isn't AT LEAST 1 Herobrine reference, the movie's a 1/10",@_Velqine_,3,2025-02-05 21:40:43+00:00,UCQ8Wwo8KU2Nq6w_IG36JiSA,0
BRO IM OBSESSED WITH THIS TRAILER (wait is steve the voice actor for po?),@MaryamKabitah,0,2025-02-06 07:13:49+00:00,UCZ_WkduTfiJx57f-YUhlOBw,0
this movie is going to be AWESOME with Jack Black being steve!!!,@Ella-c6j9b,1,2025-02-06 23:42:08+00:00,UCvIYqdi2nARo_M2-s8P7tXQ,0
I plan to watch it when it comes out in theaters but it wont come out until the middle of spring so it will be quite a while before I see it,@Bombiedude.,0,2025-02-07 02:20:39+00:00,UCegtFyUpuyTmfouG0rIbndA,0
I speak for all gamers. Please don‚Äôt f*** this up for us. WB,@SiirAnalytiical,0,2025-02-07 06:01:37+00:00,UC5X_CqcCWJn0w7nUKTnMwjg,0
I'm sure you see now why this absolutely needed to be live action.,@ninjabluefyre3815,0,2025-02-07 06:40:07+00:00,UCiQyzWHbQhJNfwgfWVd3GqQ,0
A group of people getting stuck in a video game where they have to beat said game in order to leave. I‚Äôve seen this plot line before.,@joshuahorrocks3315,0,2025-02-07 09:07:34+00:00,UCC5fPQXkhhvtkh5vmwSLXBg,0
You know its funny to think the reason Steve and Alex entered Minecraft even thought the old builders died out was bc they were from the real world,@singularitystudios4502,1,2025-02-07 09:51:41+00:00,UCeUhlcPcrj3XEHNlEa33-gg,0
"Idc if the bucket on the last trailer was not existed in the game. At least, we are excited",@mOnkoy55,0,2025-02-07 10:31:46+00:00,UC1jZ2DH9xwOkgKFcH_S8-_g,0
my mom said the video is in minecraft and others üéä happy minecraft day in april üéä,@getdrawedrorsyt,0,2025-02-07 15:06:20+00:00,UCcB-YbMdQ4xUpWKU2yI3CHQ,0
I personally look forward to watching this with my kids,@dtprodrive,0,2025-02-07 18:11:26+00:00,UCjG3ImJFBE9aeCVUtvubiGw,0
"libtards ruining minecraft now, star wars n marvel wasnt enough",@ickabob,0,2025-02-07 19:23:31+00:00,UCjBTcer60VA8qWPm9V5h3gA,0
:ÿßÿ≠ÿ≠ ŸÇÿßÿØÿ≠ÿ≠ Ÿàÿ≥ÿßÿ∑ŸäŸäüî•üî•üôÄüôÄüò±üò±üôÄüö´üå™ ‚ùå ÿØÿ±ÿ®ÿØŸäÿØ ÿØÿ±ÿ®ÿØ ÿØÿ±ÿ®ÿØŸäÿØ üòú‚ùåüò± Ÿäÿß ÿ≤ÿßÿ≠ŸÅ üòµ‚úåüèª Ÿäÿß ÿÆÿ∑Ÿäÿ± ‚ùå ÿ≠ÿ∏ ŸàŸÑÿßÿ≥ŸàÿßŸÇŸáüòπüòú‚ùå ŸÉŸäŸÅ ÿßÿµŸäÿ± ÿ≤ŸäŸÉ üò±üò± ÿßÿ™ÿ≠ÿØÿßŸÉ ‚úåüèªÿßÿ≠ÿ≠ ŸÇÿßÿØÿ≠ÿ≠ Ÿàÿ≥ÿßÿ∑ŸäŸäüî•üî•üî•üî•,@Colo-q4v,0,2025-02-07 20:20:50+00:00,UCJnsKl8ZtY1X1VjzR6DSV3Q,0
honesty didn't think much of this movie until this trailer came out,@xGHOSTx2006,0,2025-02-08 00:27:02+00:00,UCEIZr3GcSOm5RDNccnDJo8Q,0
Can you imagine this becoming an all time classic?! Neither can I.,@starman5313,0,2025-02-08 02:11:13+00:00,UClU3aY7GApIrFc3_9D4IqlQ,0
I thought this was going to be animated. I didn't want actual people in it.,@starman5313,0,2025-02-08 02:11:41+00:00,UClU3aY7GApIrFc3_9D4IqlQ,0
We wanted a smart character as Steve but he is just too fatty I don't like him as Steve üòÇüòÇüòÇüòÇüòÇüòÇüòÇüò¢üò¢üò¢üò¢üò¢üò¢,@Iqrafida-q6x,1,2025-02-08 07:56:56+00:00,UCvIq25ABNu5dOFJP7zq6pQQ,0
My birthday is the day be for this movie comes out,@Grahamsgaminglife,3,2025-02-08 14:19:21+00:00,UCHDV8YiRphO1cWZgvPDv_Uw,0
I really hope the Minecraft movie is good and not a financial flop,@andrepike6691,0,2025-02-08 19:53:09+00:00,UC1khRq45MNFt0TmxGsGfoXg,0
MINECRAFT is the best game of all time. It reflects our God given creativity. Perfectly. I pray for notch,@jdtubeyou,0,2025-02-08 20:10:09+00:00,UCuwUAWN1qOgjHg592TXNzFA,0
Idc what anyone saids Im still gonna watch this movie and enjoy every second of it,@ArtisHicks-st6hm,1,2025-02-08 21:50:22+00:00,UC-bEi99evbZgmZFVLlX9mcQ,1
"Totally missed the ball, I wish the fan made cinematic trailer was real that could've been a beautiful movie. Instead we get Jack Black making stupid fart jokes",@LizzieMcguire69,1,2025-02-08 23:08:35+00:00,UCQ5YKN7yailqgR8Xu-CVRug,0
0:36 THIS SONG IS ABSOLUTELY PEAK AND THIS TEASER IS SO GOOD LOL,@Robloxtapevideos,0,2025-02-09 00:08:28+00:00,UCfDb_FYun53diEprstxSM7A,0
"Some characters remind me of Minecraft Story Mode. 
Emma->Petra
The other girl -> Olivia
And maybe the strong man -> Axel

I don't know.",@NahirGP,0,2025-02-09 00:42:44+00:00,UCb-hAHIDRcbsrWrr4BeZkDA,0
Possibly and hopefully might be the next best thing after deadpool and wolverine ü§ûü´∂,@fieldvegeta,0,2025-02-09 01:33:14+00:00,UCB7wpUClGgwvPBUuzcQLsyQ,0
"Wow, ppl forget so much easly. Internet is sad sometimes",@tarnishedluis,0,2025-02-09 02:29:57+00:00,UCP6nalkI6_euID40ru5TYog,0
I think this movie will be come a promotion of minecraft,@BUSSIDGAMING2,0,2025-02-09 08:57:03+00:00,UCd14xSCrZbImvlRgCVvchFA,0
now we can understand more in end dialogue if we sees it,@superlazy6965,0,2025-02-09 10:42:56+00:00,UCFHV-fEQWof2XSJ8sTPquCg,0
I like it but a tip don‚Äôt make it sort of humany‚Ä¶,@jessicamonsod4782,0,2025-02-09 11:51:33+00:00,UCD-58Xq6rV9QTPJuzl8Afnw,0
Everybody in my hood knows this movie trailer was awful. Nice looking animation? Yes. But the jokes fell flat. I'll pass.,@insidemonthly,0,2025-02-09 12:22:11+00:00,UC-uJ01aavywRHOwmCpUCLgg,0
"Wait, weren't we expecting the movie to be live action anyway? With all the concept trailers?",@haroldcompton1266,1,2025-02-09 13:46:27+00:00,UC9CPaYXqWlw7bL94431nR4w,0
i will sue warner brothers if they dont add the ENTIE minecraft sound track in this movie lol,@relishgood,0,2025-02-09 16:26:27+00:00,UCKJJzwSqaak_-jSBRi2T0zA,0
Them working in a ‚Äúchildren yearn for the mines‚Äù joke is so fcking funny to me,@Ebolarama5000,0,2025-02-09 18:21:06+00:00,UCJdtqbFwij03MrfP71cO2aQ,0
"I just have a feeling in the end everyone will be back in the normal world and Steve will be reunited with his parents, it's just this bizarre feeling or sixth sense",@AidenOarsi-oi5ji,0,2025-02-09 20:25:35+00:00,UClIy5qosWjK8-ysb_gTymiw,0
"Say what you will about this, but that Iron Golem looks incredible.",@superjesse645,0,2025-02-09 20:28:27+00:00,UCudvvi2hUpo-d7owKEYlSmA,0
"Bro when this popped up in the theater I was in I was busting out laughing when he said 
‚ÄúI 

AM STEVE‚Äù",@Momazosdiegosquidward,0,2025-02-09 22:17:25+00:00,UCHdz5tJV5NRh-c_e3UQ4VIQ,0
They‚Äôre totally gonna say ‚Äúlets kick it up a *notch‚Äù*,@greenberrygk,81,2025-02-09 23:01:03+00:00,UCnAxTMwxMIWLbum0CPddlGg,3
If you are wondering what the song it is Time To Pretend by MGMT,@airier-spider,0,2025-02-10 01:42:21+00:00,UCrt7PcyrevK5dLKwVWyA-XA,0
‚ÄúAs a child I yearned for the mines‚Äù ANIMAL COMPANYYY,@TDB_gt,0,2025-02-10 02:47:49+00:00,UC_HrAURKRPtI2RAcy2ziA3w,0
I have a feeling an enderman is only gonna have 10 seconds of screentime,@slugkat,0,2025-02-10 08:45:51+00:00,UCC8kH0yam8K1BTgPzwYlpxQ,0
"Hahahahaha, they actually used ""yearn for the mines in the trailer"". They're not even hiding that this movie's just ""Plunk Your Obsessed Kids Down and Zone Out for Ninety Minutes""",@tccedwards76,0,2025-02-10 09:00:52+00:00,UC2uPRX46WVk1BsMEB8tWuag,0
"For N id draft 

PG- Nate Archibald
SG- Nick Van Exel
SF- Normal Powell
PF- Nate Thurmond
C- Nikola Jokic",@NerpXD,1,2025-02-10 10:19:01+00:00,UCdPpGgaJosV-YArIRCUnLdA,0
Chicken farm in movie is so evil the lava on chicken üò≠ ‚úã,@noah_2361,0,2025-02-10 12:31:22+00:00,UC2TlXm_P7ho2ryYlhw9-Lpg,0
"The saving grace for this movie?

Answer: At least it isn't 2025 Snow White.",@Darthinian,0,2025-02-10 12:46:56+00:00,UC4HJaNnl2kpPQNZnz55CLCg,0
"You can't just copyright claim C418's music without owning it.
I hate WB now",@haloplayzlol,46,2025-02-10 16:43:55+00:00,UCBQluvFgYHepfOdyvxkawLw,11
Hey maybe don't copyright strike youtubers for music you don't even own. This movie was mojang's worst idea,@WaywardGolemCrew,29,2025-02-10 17:43:26+00:00,UCaMsjy8KfbSU3_5Bw-6XIqQ,1
Problem is that they are trying to claim the music from the game which they don't own,@darknovadragon0923,54,2025-02-10 17:50:31+00:00,UCEqJRiPgLjhsjgwFqfibyDA,2
"movie isnt even out and its already shown to problematic for the community, copy right claiming minecraft music",@rhysthecreator4065,11,2025-02-10 18:23:09+00:00,UCavyIDS7LJiGjLsUSO6Bvyg,0
"Warner Bros is now claiming ownership of C418's music and copystriking people. 
YAY!",@AidenOcelot,883,2025-02-10 18:44:29+00:00,UCUI16Q1q4V1Xqf2LEGqyieQ,8
How about you stop copyright striking people that make way better content than you ?,@MrSwiiftgaming,25,2025-02-10 19:26:47+00:00,UClSHXOlk2JF9_JutD7EZH3A,1
Give us C418 music back! You cant just copyright it.,@naturelist,18,2025-02-10 20:02:48+00:00,UCF1y0c-0DF8plz65Ure25VA,1
1:21: *THAT* is how roast chicken is made in Minecraft?,@MyDayAstonTheMuppetsFan,0,2025-02-10 20:11:03+00:00,UCmUAG89QxJTCTWpXtBbyX3g,0
Hay WB! You dont own the music made by C418! Dont you know its a bad idea to strike people for posting videos of the game your film is based on? All your doing to annoying the very people you want to come see your film.,@christhompson8003,25,2025-02-10 20:39:09+00:00,UCmLZ1q3GYGMnctDxy0H02cA,0
"fck warner for copyright claiming people for music, that warner doesn't even own. c418's music is copy-right-free.",@ichmagskyrr,12,2025-02-10 21:07:41+00:00,UCpf0yUUPDQWCXiuXySm5rZw,0
STOP COPYWRITING C418'S MUSIC ON OTHER PEOPLES' YOUTUBE VIDEOS. YOU DON'T OWN THAT MUSIC.,@evan9853,70,2025-02-10 21:31:11+00:00,UCOKvRcp1EcPeaXpPGizo3sA,10
My son is gonna lose his mind over this lol,@Rennysnipes,0,2025-02-10 21:37:53+00:00,UCOLf6kmhZDfg2yEyaezSFkA,0
"C418's music is not yours and is copyright free, you cannot keep on taking down peoples videos for use of the music, and you most definitely can not take down videos that are fan made with no copyright infringement!",@PIXELAPPS223,350,2025-02-10 23:46:16+00:00,UCLDvudx42KYbJFcJU9vfG_Q,21
"I had faith in this movie. Keyword: HAD. Because now you blew that faith off by copywriting music YOU NEVER CREATED. Perhaps the mindset induced by Generative AI of 'stealing is ok' has poisoned you so much that you're claiming C418's songs while he outright refuses any copywriting from Microsoft or any other companies.

Shame on you Warner Chappel. Shame on you Warner Brothers.

May this move flop harder than Snow White.",@mearii5876,11,2025-02-11 00:26:07+00:00,UCqirI0OWFX3mR7iC2HZ57ig,0
Dude stop copystriking youtuber for using music you don't even ownüòÇ that's literally illegal. Warner is the worst thing ever next to this mistake,@hakumen9149,16,2025-02-11 00:47:44+00:00,UCxNgPh5SbyMgrYUrXZLMlWA,2
I'm currently writing an emotional letter of apology to Minecraft story mode. Forgive me.,@Rasim9898,3,2025-02-11 02:44:53+00:00,UCCm6HXnA82H8otGLJgWezYw,0
I went through the 7 stages of grief in one minute and twenty seconds.,@Rasim9898,2,2025-02-11 02:50:54+00:00,UCCm6HXnA82H8otGLJgWezYw,0
"You cannot copyright a song you didn't make or own, it's free use, just cause you're making a movie doesn't mean you own it",@TheMythicalBurrito,50,2025-02-11 03:05:05+00:00,UCvk2qngpwXlvUNGS00BOL8g,0
They really just gave an blue shirt to Jack Black and called him Steve.,@Rasim9898,3,2025-02-11 03:09:05+00:00,UCCm6HXnA82H8otGLJgWezYw,0
you retards remove your so called copyright strikes from c418s music like tf dude u dont own the music u fukers,@ReV_snughug,13,2025-02-11 03:48:30+00:00,UCxEP-dB4y2nCTkvA5VRRFRA,0
"Hey, actually C418 actually still has rights to the music that you're using in the movie. Not Microsoft. They couldn't sell you the rights, and as a result you cannot claim ownership of the song and copyright strike people who use it. Only C418 legally holds the right to do so. Not like you care though.",@SalamiCat101,315,2025-02-11 07:31:09+00:00,UC2cUikDOTVSixM74GJzqD_g,9
you do NOT own the rights to minecraft music lil bro üò≠üò≠,@etherful,23,2025-02-11 09:01:41+00:00,UC5s6Qe3rzPqlKWL6AXSo-2A,1
Jesus. It looks so bad and cringe it may actually be alright üòÇüòÇ,@aeureus,1,2025-02-11 10:13:58+00:00,UC1LcXCyPW7xaZlU2T3Egy9w,0
"""You weren't supposed to be a hero, Brian!""

*Brian starts levitating*

""Its time I get a bit more... Creative. Let's take this up a Notch.""",@daminquet12,3,2025-02-11 11:15:24+00:00,UCKUuzLVCPT-O9CRXIkf4rKQ,0
Mujang studio plz  chenge the character this movie is best movie but this movie character is very cringe vote for change the character üò¢,@Balak-f5e,3,2025-02-11 12:17:16+00:00,UCRUP_ZYdO2wLAwoX1Ll_OTA,0
"If they put a pig with a crown there, i‚Äôd be interested.",@CanadianTrainProductions2013,1,2025-02-11 12:19:05+00:00,UC2KaxjSIZtf68YAFonRVZyA,0
"1st trailer: disgusting
2nd trailer: now we understands why steve it's an old man",@TSGM90YT,1,2025-02-11 13:56:39+00:00,UCb3Qgk_-nXffA73Ss2KkD4w,0
"Lil bro thinks hes apart of the team, you can NOT be copyrighting minecraft music when you dont even own it",@Littleface72,18,2025-02-11 14:19:13+00:00,UCttkvbfCOyRQQYIuNqEVd7A,0
I‚Äôm definitely pirating this now that your claiming music that isn‚Äôt yours.,@ProtocolAbyss,7,2025-02-11 17:20:30+00:00,UCBcirmtIXj7OY94NC0-LUIg,0
i swear the ending credits song is gonna be creeper oh man,@ijustshovedanukeupmypusspuss,1,2025-02-11 17:44:33+00:00,UC5BFT5CyqzSvk8aAUT7eHzw,0
For some reason I want Matt Damon in this. Hoping he has a secret cameo like he did in Interstellar ü§û,@jcrobot,1,2025-02-11 19:19:20+00:00,UCOyYNtNiiXsYfg_jqKisRuA,0
Stop copyrighting  c418‚Äôs music which is NOT owned by you or your right to claim,@NitraPunkie,56,2025-02-11 19:56:23+00:00,UCDGDPnomj9iJr4cGI6CHFzA,0
Why do all of the comments have so many likes?,@PrincessPinkyChan,1,2025-02-11 22:08:19+00:00,UCwN4-IS48Hjbvu9WpFn4X8A,0
Why are you copyright striking people using C418's music? It's not yours. I'm going to torrent share your movie everywhere. Jerks.,@rubikmonat6589,21,2025-02-11 23:11:07+00:00,UC-wDvCJ3yDFvX9xOTTbhRNg,2
ya vi el trailer 200 veces y sigue siendo sorprendente estoy esperando el tercer trailer aun,@BrendRivera-t6r,0,2025-02-11 23:39:29+00:00,UCp22V7SDomvIncrGzCk51TA,0
stop copey riteing youtubers for using minecraft sogs C410 left mojag so piple code use his sogs,@GinnyBenjaminCaminari,8,2025-02-11 23:40:43+00:00,UCvzRja_z29codESkwPmbn5g,3
Who tf gave you the right to copyright a block song that you dont own?,@Alonzo910,13,2025-02-11 23:51:24+00:00,UCqwSkrfh8fycRs3R_0R4kdQ,0
and it turns out to be an april fools joke,@baitsforyou,1,2025-02-12 08:22:04+00:00,UCSmRXxBKGBmIUbpBs5gP1Xw,0
I hope there‚Äôs more comments like this but you cant copyright Minecraft music as its creator says the music is copyright free for everyone to enjoy and copyrighting it looks to be illegal or something,@RichardCoffey-qc8rt,9,2025-02-12 09:19:04+00:00,UCAo833mRbDRUPD3kCMZ8TFg,1
"bro this company thinks they own minecraft music, hella disrespectful to the community you are making your movie based on",@Twinkies_ZA,2,2025-02-12 12:18:56+00:00,UC0w9katPI3DQ7WlTdvoN3LQ,0
"WB thought they own C418 music when it's older than their about to be flopped garbage movie. Do better as a corpo, don't let greed consume you inside.",@LiberioLeonaibert,1,2025-02-12 13:36:38+00:00,UCmAi7k0laTZQ0rlfRs0rCPQ,0
Warners Bros: ‚ÄúWe don‚Äôt get enough hate! Quick! Do something!‚Äù,@artmanses,9,2025-02-12 16:01:53+00:00,UCCmrmtAd1PZQNmsYQHxZ69g,0
"Funny very early april fools warner brothers, show us the real trailer.",@cozmiccozmogamin8907,0,2025-02-12 16:41:04+00:00,UCqIDpD0rU1Jp8TQ0IVRtavQ,0
"2:24 Favorite small detail has to be this one right here. 

God I am so hyped for this movie. Idc what other people say about it, it looks (even visually) amazing",@jackslaven-hahn2959,0,2025-02-12 17:16:38+00:00,UCJ607ru_sozt9vSP2KRM1Rw,0
Bro I'm an massive fan of Minecraft I play it every day I just wanna see em riding an elytra bro,@Shortkid-t1s,0,2025-02-12 17:23:04+00:00,UCQYBd7sY_157ogAfesra0KQ,0
I mean to me it‚Äôs not that bad üò≠ i wouldn‚Äôt mind watching it at all‚ù§,@RoyaleBryYT,0,2025-02-12 18:50:21+00:00,UCgjjeQnFvzcMlvOM5XD66iQ,0
Can't believe they didn't include aria math in the trailer and or the movie,@Dxrk-500Thunder,1,2025-02-12 21:18:20+00:00,UCEWO-8piw50JTm2sy5Shzxg,0
"There are two things I would love to see but know aren‚Äôt going to be in the movie. I‚Äôm still going to be disappointed when they aren‚Äôt tho
1:
*steve puts a disc in the jukebox*
*terraria music plays*
‚ÄúNOPE, nope nope nope wrong music y‚Äôall.‚Äù
*punches vigorously until Minecraft music plays*
2: a cameo from one of the YouTubers like they did in story mode, or even just an orange cat next to a squid somewhere",@SpaghettiJoseph,1,2025-02-12 22:49:05+00:00,UC20JxS8fFAszFi9Y5sKbaeg,1
"Copyrightclaiming the minecraft music that's specifically said by C418 to be free to use. Doesn't get much more greedy than that. Never paying for a Warner bros movie again, time to sail the high seas.",@Z√èÃáÃÉ,2,2025-02-13 00:05:40+00:00,UCT5qpTsq3HmsbGv7naUcXlw,0
jack black must've been held at gunpoint to be in this,@YoungMasterJedi,0,2025-02-13 00:41:45+00:00,UCtO7vct8XgQaYuYKoo56Csg,0
"Meh if Nintendo ever decides to give Metroid a new adaptation someday, I hope they just settle for a new comic book series.",@robertkenny1201,1,2025-02-13 05:13:42+00:00,UCRxyFaxO3uTMMGW1MK5nBNw,0
"1:32 the ""Minecraftia"" font is easy to spot because the ""t"" has a horizontal bar raised one pixel above, also, what happened to the ""k""?",@CoolrashMarioEXE,1,2025-02-13 05:24:10+00:00,UCkQT5sngDuWHjwWGSxUziHA,0
I rather watch a documentary oh how Minecraft became an idea.,@MTD44X44,0,2025-02-13 10:08:38+00:00,UC5-E2YV2JDKVRXFzvuzf6Qw,0
boycott this movie until Warner stops illegally copyright claiming Minecraft content creators over music that does not belong to Warner.,@Xastabus,3,2025-02-13 13:44:49+00:00,UCtiLPGehSurpWqI3lXS4qnQ,0
"I was originally looking forward to this movie but after they begun illegally claiming ownership of C418's music, i hope this flops hard.",@joshuasteer4891,0,2025-02-13 16:00:38+00:00,UCICLDgGnbfcpaopKDhLSqOQ,0
is he has a cd on the head ? :D,@RabCS2,0,2025-02-13 16:05:20+00:00,UCMSlja8qnP2zb1XYPfmVkNw,0
I doubt this movie will have them go to the Ender Dragon but that's ok this is an Open Sandbox Game how can you make a Movie about that? you just can't!,@TheSegacampGamerandWerecamp,0,2025-02-13 16:29:51+00:00,UCilWlLRepWVljLogmHyBETQ,0
"I feel like they put low effort into making them feel like theyre in the world and not on a stage. Im hoping its better in the actual release. The green screen is way too obvious and ruins immersion for me. The characters shouldve been animated the same way the rest of the world is. We turn blocky when we go to the overworld, they should have too.",@Nubberslaw,0,2025-02-13 16:40:10+00:00,UCs53o6EkjrMTARAFR6XpWDw,0
Warner Bros: We made the Minecraft Movie! Now we own C418's music! Right...?!,@lenguyenkhoi913,0,2025-02-13 17:19:03+00:00,UCdD8Lz_ZyRqC7-GyODpdtGQ,0
Why do so many trailers use this song? Its getting so old.,@PlotlinePlus,4,2025-02-13 19:44:09+00:00,UCG1iDRzOIyuE4K9AZrAh-kg,0
"So, they didn't take cues from the Lego Movie and actually use anything people love about it.",@bridgecross,1,2025-02-13 21:31:55+00:00,UCyKwmgdUdbCq-YLCxGLXS5g,0
"I know the art style received a lot of hate, but I genuinely think this looks really great and I love the movie and live action take! The trailer made me LOL. Super excited to see it in theaters!",@TimoKFilms,1,2025-02-13 22:34:19+00:00,UC_qPYt3n1MrBuvMrxWhUdLw,0
"Being a Minecraft player and fan, I‚Äôm excited for this movie and terrified all at the same timeü§£it‚Äôs very cringe, and I know there‚Äôs only so much they can do, with everything being square/cubed, but I feel like they still could have made it less cringeü§£ I‚Äôm gonna keep my hopes and expectations low but I am secretly excited",@OpheliaHart2001,0,2025-02-14 00:45:12+00:00,UCT8aw_BNYIaaGcQif3lm8jQ,0
"I looked up ""sonic the hedgehog original trailer"" and this showed up.",@PurooRoy,1,2025-02-14 08:26:56+00:00,UC3aMnSkCkSBGBjg-hQa29iQ,0
"Making minecraft hyper realistic is a mistake.... Literally no one wants that... 
And having normal looking people in the Minecraft squared world completely takes you out of the immersion. I will admit, I'm still going to watch the movie. But expectations are way low, this was such a missed opportunity..",@ii-vadersfist-ii501st3,1,2025-02-14 10:16:24+00:00,UC30pzlkL2C2rL4WnDp6YqOQ,0
Don't worry they can't possibly make it look even worse............,@1serious0mfr,0,2025-02-14 12:50:06+00:00,UCpyuKNbHIvyzrOLwKn5wObA,0
Ah yes how about you DONT USE C418's MUSIC AND COPY RIGHT CLAIM EVERY ONE ELSE WHO USES IT. YOU DONT OWN THE MUSIC,@Stiderspace,2,2025-02-14 14:45:15+00:00,UC6QXAoAbi-TuSbflUjJrPBQ,0
Ok this movie is so so so cool and I'm happy Steve,@MedKampala,1,2025-02-14 15:11:49+00:00,UC3kdydPLJc6IRppI0vmpoMA,0
No this is great they should have the far lands,@Locoa√°ll,0,2025-02-14 15:55:11+00:00,UCWgRMMlHSwC_jSO7gadL-JQ,0
the minecraft movie is two days after my birthday :),@avacaiii,0,2025-02-14 17:42:12+00:00,UCnqnePWe83f5wb2INHF8BBg,0
2:11 I thought he was going to say don‚Äôt mine at night,@Doom_minion,1,2025-02-14 22:24:38+00:00,UCzQD8NX0HHudzytWC7pUFHw,0
"‚ÄúAs a child I yearned for the mines.‚Äù

Haven‚Äôt we all?",@dabort,0,2025-02-14 22:52:38+00:00,UCYVhAXjInVZR_Lw5vtZicjQ,0
cant wait to pirate the film just like you did with C418s music,@Mizai,1,2025-02-14 23:09:54+00:00,UCJGZ01iiHimUFWYZNaThF7g,0
"Why not animated movie, and Steve is fatso?. This is horror movie instead of family movie. YouTuber making better version of Minecraft movie than this big Hollywood company.",@lilbehemoth777,1,2025-02-15 04:38:43+00:00,UCFw091TVtx9QL3tdl6J7L2Q,0
"Haan haan, maine bhi kuch paisa jeeta tha 4rabet pe, bahut maza aaya",@BlancaGaskins,0,2025-02-15 05:01:33+00:00,UC87AH1cFVSlaGkxckuVJTow,0
4ra ke community events bhi bahut awesome hote hain  hum sab mil ke enjoy karte hain,@DarlaMyers-f6e,0,2025-02-15 05:01:36+00:00,UCY2uveXnqnq7s5KqVaShstg,0
Kitni baar 4RA pe khelte khelte itni mast yaadein ban gayi hain,@ValarieCrespo,0,2025-02-15 05:01:47+00:00,UC1WBV2YPxo9OzVQn1hBGfJQ,0
"ryder:main boy
po=(kung fu panda) as Steve (vocie actor refrence)",@matthewselby4524,0,2025-02-15 09:28:39+00:00,UC-PGdUAGTA3y1gR-DxEN0PQ,0
"Why do you startle the consoomer with worry and concern, just to make them excited a few months later.  Is this the ""Sonic movie"" tactic?",@armin6427,0,2025-02-15 11:42:59+00:00,UC3Bfl9nFz2rfxcPb7Smz9Fg,0
It kind of grows on you.... like a mold. üòÇLooks good though.,@bobbie7056,1,2025-02-15 13:12:24+00:00,UCmzUf6qNszD0O_PordH2A1w,0
"OH MY GOSH I DIDN'T REALIZE THIS WAS WHERE THE ""I am steve."" CAME FROM?!",@s1gma-b0yskibidi,0,2025-02-15 13:48:00+00:00,UCysQJo6c6foOPSiMeohGxQA,0
"Easter Egg: There's a wandering trader in the background.
Edit: Also, I don't like the design. It could've been animated. Everything else is awesome.",@Akudo-z1s,1,2025-02-15 13:59:28+00:00,UC9ImsbO4Kaw1Z-hKZ7e4ozA,0
"as a child i yearned for the mines.
ok its good",@bofeyofficial,0,2025-02-15 14:52:30+00:00,UC_3dKUDbYbxYIPLT4KkN0xg,0
"Minecraft: The Trilogy

Minecraft: First Night ‚Äì Survive. Build. Discover.
A lone survivor awakens in an empty, pixelated world with no memory. With only his wits, he must gather resources, craft tools, and learn to survive the terrors of night. Each day, he builds, farms, and fights, discovering ruins and cryptic artifacts that hint at a greater mystery. On the seventh night, he uncovers an ancient portal. As he steps through, he is swallowed by fire and darkness‚Äîcut to black.

Minecraft: Nether Again ‚Äì Trapped in a world of fire.
Steve is stranded in the Nether, a nightmarish realm of lava, monsters, and endless danger. With no way back, he must learn new survival tactics, battle terrifying foes, and forge alliances with the strange inhabitants. Deep within a fortress, he discovers a lost tome revealing the existence of The End. Narrowly escaping, he emerges in a vast desert, stumbling upon ancient ruins, treasure, and artifacts that hold the key to his ultimate journey. After a perilous trek home, he pieces together the clues‚Äîhis adventure is far from over.

Minecraft: The End? ‚Äì The Final Battle Begins.
Determined to unravel the mystery, Steve follows the Eyes of Ender across the land, facing treacherous landscapes and deadly enemies. His journey leads him to a hidden Stronghold, where he battles through dark corridors and swarms of Silverfish before unlocking the End Portal. Stepping through, he finds himself in a floating void‚Äîthe End. There, he faces his greatest challenge yet: the Ender Dragon. In a climactic battle of skill and strategy, he fights for survival, delivering the final blow. As he steps back through the portal, triumphant yet forever changed, the screen fades to black.

This trilogy captures the essence of Minecraft, transforming the player's journey into an epic cinematic adventure of survival, exploration, and destiny.",@alecpitts6843,0,2025-02-15 15:51:27+00:00,UCtTaE1v3bPOLmbkSSwJj4Gw,1
Stop copyright striking content creators for music you do not own!!!,@claytonhouser7578,2,2025-02-15 18:47:31+00:00,UCzNOKNTkZgMEEzno9qJczsA,0
Yo no tengo brazos pero no hace falta solo un cabezazo con eso ya me basta llamame pir√≥mano el que todo lo debasta no seria tu amigo ni aunque me pagar√°n pasta no hay nada que parezca trompa te van a caer meteoritos como bomba eso qu√© vuela no se llama avion eso que vuela es un zombie volador la batalla ya a empezado en un mundo muy cuadrado Creepers y zombies a linea de fuego donde sangre derram√≥ üó£Ô∏èüó£Ô∏èüó£Ô∏èüó£Ô∏è,@JuanYanez-bt5dy,0,2025-02-15 20:52:59+00:00,UCRcAxGtjb_McPdbZw3byggA,0
"This is way better than the initial trailer and something I will watch BUT STOP SUBMITTING FALSE COPYRIGHT INFRINGEMENTS AGAINST YOUTUBERS.
LICENSING DOESN'T MEAN YOU OWN THE MUSIC",@SgtBl4de,2,2025-02-15 22:07:03+00:00,UCyio5R1_WxFgXaptIcNxjQg,0
"If ""Alpha"" -C418 doesn't start playing in the end credits, I ain't watching ts",@VictorTRG,0,2025-02-15 22:22:07+00:00,UCWhyQfapLgeMcgYg3WFeSMw,0
"Oh no, Jack, the woke, Black stars in this film. Is his character going to identify as a 27 year old Mongolian yellow and brown colored coffee mug?",@THExSHERIFF,1,2025-02-15 22:57:00+00:00,UCI2qrs-WDYV4f7JqiZNmj2g,0
That would actually be cool if that orb that opened the portal to the minecraft universe was a real thing but the only downside is those people in the trailer only have access to the survival mode system and they didnt have creative mode access,@Bombiedude.,0,2025-02-15 23:10:20+00:00,UCegtFyUpuyTmfouG0rIbndA,0
This place makes no sense don't i know it there are dark forces who want to destroy this world you want to stop him we need to create something amazing let's go to the stars seasonal station where we can do,@mooodigitalproduction9640,0,2025-02-16 01:02:16+00:00,UCEDxLVP5S41T-dOqRoRLiRw,0
HOW DARE YOU TRY TO COPY RIGHT CLAIM MUSIC THAT YOU DON'T EVEN OWN,@brandonbardsley7541,4,2025-02-16 04:44:38+00:00,UCo2oAhVf7WM7RshpY9ejRaA,0
This feels more like a clash of clans movie honestly,@prithmusic,1741,2025-02-16 04:56:38+00:00,UCrHHj-vNWL1lJk5t_utU90Q,13
If Mice on Venus doesn't play during the credits there will be a riot.,@ChemicalXofficial,0,2025-02-16 07:39:00+00:00,UCrYl7UNjSfl0MtnsfcW3mrg,0
I HAVE BEEN WAITING FOR SO LONG FOR THIS MOMENT TO COME OMG THE MOVIE IS FINALLY HERE!,@KyleBlocs-m4z,0,2025-02-16 08:26:41+00:00,UChenfiFsmU9t-mPB_m9fnvQ,0
"Boycott the Minecraft movie!!!, Warner bros are copyright claiming Minecraft‚Äôs OST when they don‚Äôt even own it. Which is straight up illegal.",@Imnot_abot,11,2025-02-16 08:26:55+00:00,UCZnia-AvRCYDqPin2n2A3Pg,0
I DREAMED OF MAKING A MINECRAFT MOVIE BUT ACTUALKY IN THE ACTUAL THEATERS!? TY!,@KyleBlocs-m4z,0,2025-02-16 08:27:11+00:00,UChenfiFsmU9t-mPB_m9fnvQ,0
Not warner copyright striking minecraft creators for music warner doesn't own. shady company. pirate üè¥‚Äç‚ò†Ô∏èüè¥‚Äç‚ò†Ô∏è,@Storygospel533,3,2025-02-16 09:31:37+00:00,UCXTUr_pjoL-H1TWaBe7xNrw,0
Si ponen a vegeta 777 y a willi rex los sines ganarian diamantes,@Sof√≠aRomero-d5d,0,2025-02-16 18:51:29+00:00,UCNs_qwOE5GecjgXr9BtSiUA,0
I am so disappointed. This is not how Steve looks like. I am gonna faint,@Hamzapro523,1,2025-02-16 19:31:23+00:00,UC2wd5p4ozmiKVtr9ZErpVrw,2
This trailer is before captain America: Brave new world and Moana 2,@Gambitalmighty,0,2025-02-16 20:52:30+00:00,UC9_D18pcfg2MB_ceLAJqjiw,0
At least the cgi looks better than the cgi in Snow White,@JaneSlabaugh,0,2025-02-16 22:28:05+00:00,UC6YIiyNZXhMG7-dXkcL6enQ,0
As a child I yearned for my turn on the xboxüóøüíÄ,@GeorgeFarron,1,2025-02-16 22:54:29+00:00,UCdqkSo8yts5Wbkp6FtzxMIA,0
"remember kids, stealing from thieves is ethical. WB is stealing music, so you're obligated to pirate the movie. ‚ô•",@Gwynhyvr,4,2025-02-17 00:04:15+00:00,UCpKRJm3oiinMCv4ByeOBSGg,1
So that‚Äôs where the lava chicken add on for mincraft came from üòÆüòÆüòÆüòÆüòÆüòÆüòÆüòÆ,@CatxolotlGaming,1,2025-02-17 00:59:09+00:00,UCzVRkkvnUYht3gh4QKGaoVg,0
"This trailer makes me want to cry and not in a good wayüòî why couldn't they just take notes form the Lego movie. Make an actual Minecraft movie, we aren't going to get another Minecraft movie and this is just disappointing. Don't make it just for children make it for everyone. Actually care about it and not turn it into a cash grab",@kaitlynbremner391,1,2025-02-17 01:02:33+00:00,UCI7tg6nkMnd-bu10_4CXvbQ,4
"So just to summarise, 

Steve wanted be a slave as kid when he grew up...


Camman would be proud that they MADE THE MINECART FASTER. And ""Big Guy"" looks cool af.",@Sh0rtC1rcu1tMC,1,2025-02-17 03:31:45+00:00,UCcSomOdoY2XkUIQ3E4V1DcA,0
Steve found space stone and teleported to minecraft world üòÇ,@evil_manager_from_hell,0,2025-02-17 05:47:04+00:00,UCNN5GX9jYexRkuSKI7OOmAg,0
"Warner Bros. is stealing c418's music now? 
Yeah, i'm not gonna watch this movie. 
You are dead to me.",@lukrezialaval2406,0,2025-02-17 08:12:10+00:00,UCPy24DeFwr0TD9pomt1HQqg,1
hope yall get sued for trying to claim copyright on everyone using minecraft music in their videos goofy company lacking brains,@Ub3Br3ad,0,2025-02-17 09:37:17+00:00,UCHjMdxeIA_gRW5qODGWXlyg,0
"All WB Minecraft videos should be reported because of Copyright issues, because they don't own the MC music but are striking youtubers unlawfully!",@Appolyon,2,2025-02-17 11:20:07+00:00,UChqLhtppCvN4S-YXNPFt2Nw,0
"When i first heard of this, i thought it was a joke. üòÇ",@UnholySwan,0,2025-02-17 12:49:50+00:00,UCZRFvWu3gYM-KD09rbuyLVQ,1
Is it bad that i'm starting to get used to JB as Steve???,@BIProductions618,2,2025-02-17 13:49:24+00:00,UCyZ655BwoGapi2CDtf7FFbQ,2
"I bet this will be in the movie:
Someone: What's that?
Steve: That's the Nether.
The same person: *Goes In Then Exits*
Steve: So?
The same person: Nether going back there again!",@UNO-GUY,2,2025-02-17 15:02:57+00:00,UCRBOhWZYmoaeT3Q6gyS7Jmg,0
"Steve when he was 12 background 0:09 
10 years later :background still didn‚Äôt change 0:23",@Creepermations,0,2025-02-17 16:05:34+00:00,UCRjZap_fQpUDtkwiiMbBeSg,0
The trailer shows a gun at 01:51 pretty sure mojang or something said something about firearms being iligeal in Minecraft.They broke a rule.,@Tonnex,1,2025-02-17 16:56:55+00:00,UCFHfCKgqGxINJlGTMxJkd_A,4
its releasing in april because this is an april fools joke and there wont be no actual minecraft movie,@Noah_1901main,0,2025-02-17 20:01:38+00:00,UC9_baggBf5-3oEB8E1fx3zw,0
"Y‚Äôknow, this movie doesn‚Äôt seem that bad anymore. Just seems like cool fun and I‚Äôm gonna go see it.",@XD-_Drag-It-Out_-DX,0,2025-02-17 20:17:55+00:00,UCcGwt_ktnFi_TTR6kFPka0A,0
Cara falar√£o que o tralher foi a m√™s ma coissa que ado sonic,@dinosaurworldmobilebrasil8581,0,2025-02-17 21:56:38+00:00,UCOaFJ5omkRkwPRq90OykoYQ,0
I'm not gonna lie. I'm probably gonna hate watching every minute of this movie but damn it I'm gonna watch it anyway.,@dylangonzalez8812,0,2025-02-17 22:01:12+00:00,UCvdrkUhDVIyxj8mAJs8pfoA,0
"""That was the only one i had"" pain in Steve's sound üòûüòÇ",@MAD_LION_,0,2025-02-17 23:25:33+00:00,UCAD2rpt8EihxupPWThh-Bpg,0
"There is just a few probloms about the movie that I noticed.

1: In the mincraft game, when piglins arrive to the overworld, they become zombified piglins, but the movie piglins don't.
2: Zombies are not fuzzy looking, so why do they look fuzzy in the movie?
3: The movie gasts ( don't know if I spelled that right) do not have their original sound.",@tphendrickson7395,1,2025-02-18 00:36:19+00:00,UCW1yzHrVkYDROuoZXXMov3w,1
Can‚Äôt wait to pirate this. Jack Black is a cuck.,@Hurtyourfeelingsagain,3,2025-02-18 01:09:29+00:00,UCWxAwdp01kauINlJGQ4OFlA,0
"Bro, this is so cool but I‚Äôm excited for this movie to come out",@tonnalucas6719,0,2025-02-18 01:32:13+00:00,UCFIqqYKB0q92wOW2T17xhhg,1
the iron golem actually looks good and the spider jockey at the end,@WillowBruv3,1,2025-02-18 02:56:45+00:00,UC-LVXtcXyKZ9ASLIq5oP-Gw,0
Now you just gotta add DanTDM and Stampy and it‚Äôll be perfect,@_zzahrax,1,2025-02-18 06:56:22+00:00,UCFU2dRWb81o3tJ-H_JX8qig,0
"i cant cannot wait


.













































































.















































































.







































































.
















































































.....


















....................................................................
.



























































..
.

.
.


.
.
..

.

.
.
.
.
..
.
.
/
.
.
.
.
.
.

.
.
.
/......






























































..",@cie-anndematos7995,1,2025-02-18 09:13:50+00:00,UCqoXPyEsXIFJ-k3XqVVOCFw,0
I glad bro did not say i played theses games on my PC üòÖ,@IceyBloxDEV,1,2025-02-18 11:45:21+00:00,UCUT8tQ2sVKfWgDv4h6HH34g,0
"Chance of spawning pink sheep in Minecraft - 0.164%

Chance of spawning pink sheep in Minecraft movie - 99.99%",@TECHNICAL.H.K-vf7dl,15,2025-02-18 12:37:35+00:00,UCO_8bNCTSTiC612-cO7t60Q,0
Why are people judging the entire damn movie just from an early trailer? Like you know you would‚Äôve watched the old version of the sonic movie just to see the plot at the VERY least.,@RDOTS713,1,2025-02-18 17:09:57+00:00,UCGUQitgob_GrcVFOUVB1DPw,0
Parece m√°s bien una pel√≠cula de Clash of Clans üòÖüòä,@venguiJR17,1,2025-02-18 18:15:02+00:00,UClJ-f73JHosvEMNRimC-1lw,0
Thank you very much so much for this video. It was very informative.,@JenniferJohnson-n1c,1,2025-02-18 18:35:41+00:00,UC2Tc1EeCwxpzatYSX8eaoKQ,0
"‚Äú I, am Steve. And as a child, I yearned for the mines. ‚Äú

HELLO!!!!!????‚Ä¶",@TheShellyFossilian,2,2025-02-18 20:29:44+00:00,UCTUlk58FMJkOGnLmnktdv5w,0
You know I would‚Äôve been on board if this was a ready player one situation type of movie. Cuz it literally makes no sense why real life people are in Minecraft the game. Have Jason just play aquaman in this movie and that girl play her werewolf self form Wednesday. Now that‚Äôs a movie! We can get these kinds of graphics from Modding Minecraft.,@eclipses3131,0,2025-02-18 21:39:42+00:00,UC3ltHUyqEMj5iGKJ83VnFnw,1
So hyped to go see this man I absolutely love Jack Black,@savageweathergaming3156,0,2025-02-18 22:10:54+00:00,UCRHtf5e7xvKbHtAlOc20nHg,0
As a child I yearned for the mines‚Ä¶ bro he wants child labor,@AddyKeim-j8i,1,2025-02-18 23:00:01+00:00,UC3GrXo4rFt6-U1fpU8FoKVA,0
"im  so happy the copyrights now somehow are no longer c418 nor minecraft at all. but warner brothers. corporate greed, you should have some leniancy. this is too far mate.",@odrex4467,1,2025-02-19 00:19:22+00:00,UChhdW8oVueizZkL0Y-hPKqQ,0
1:34 If you look at the corner of the hole there is a TNT,@SuelisampaioDaSilva,0,2025-02-19 02:36:53+00:00,UCBoHbrbKtcQRTSbN2cKiJfA,0
"I haven't even seen this film, but Earth is Minecraft. Let's say that has landmine areas, and that's a quick easy to the point thought about it.",@anaibarangan4908,0,2025-02-19 07:52:30+00:00,UCz-PkpVeJ8CAZ9fMCz74-mg,0
I'm going to pirate this and then leave a bad review on Rotten Tomatoes,@Merc_Femboy,3,2025-02-19 14:29:32+00:00,UCq7pREXCiskKYncIxzxlrWQ,1
wayy better than ther first  i think it might be ok like a 6 or a 7/10,@YEEPMAN7,0,2025-02-19 15:01:20+00:00,UCXMNoHqwEReszddOBiK6lYw,1
This is the awesomeness movie ever seen in my life,@CarsonJosephStewart,1,2025-02-19 20:04:06+00:00,UCLTrMF0LKwcScYvApEBXJxA,0
don't watch this movie. warner is wrongfully claiming every video that has minecraft music in it. the music is made by c418 and is completel free to use with crediting. warner has 0 rights to the music in any form.,@toomuchyee,1,2025-02-20 01:35:45+00:00,UC9yM6hv1AH0i52vcrWi8OLw,2
"No matter how bad this movie is gonna be, its gonna be an absolute blast to watch with friends, which I think is what really matters. So- wait... THE REAL MINECRAFT ARE TH-",@spiderdinosd,8,2025-02-20 03:32:40+00:00,UCxLPwwrExPgAQ0w0A6A3ZEA,0
"oh my God, this is worse than the first one with this brain rot‚ò†Ô∏èüôèüò≠ 0:09",@cherlinesemerzier1168,1,2025-02-20 06:31:54+00:00,UCafhi__eU-EKlELIrsOayXg,1
"I don‚Äôt know how to say it, but everything feels empty or not fully edited. The atmosphere is there, yet it feels empty or nothing is happening. Too much story telling through words and not the world. Simply building something or destroying it is what told a story in Minecraft.",@SHOWINnuts,2,2025-02-20 06:45:58+00:00,UCoXrl145-flxRFIIwJ20tQA,0
This movie is going to lose them SO MUCH MONEY.,@Gorbinator-t7x,1,2025-02-20 11:39:46+00:00,UCVEi7nCyjEIMswAcllmKOxQ,3
"rn, i would love to see the dislike button number",@Orcaben1,0,2025-02-20 11:54:39+00:00,UCzNDx9bZSXXY6vLBxH7eBTg,0
"The use of Jack Black in anything these days tells you everything you need to know: A failure out of the gate. And did he even try to prep for this part? It looks like he rolled out of bed with his blue shirt on, and showed up on set. What a loser.",@proto57,1,2025-02-20 13:26:48+00:00,UCo3MfBxjgMOFU11K1Wsegww,0
‚ÄúI watched this trailer for free and I already want my money back‚Äù,@Blueforce11,6,2025-02-20 13:49:50+00:00,UC3vV6mxumLgWBsxpTqfHOlA,0
Human people in a minecraft world is lazy. More care is in the surroundings than the actors. Jack black? Get rid of him to make the movie better by itself. Its slop not a movie.  Warner is earning the name trash brothers.,@420Akillese,2,2025-02-20 18:27:52+00:00,UCXZdDe80_qZCfVLWKOZsXbg,2
"Looks better than The Snow White movie, and I love Jack Black and Emma Myers so I'm watching.",@Zegin17,0,2025-02-20 22:03:26+00:00,UCoWEiPzBcf350abVMKrR51Q,0
This movie wouldn‚Äôt be as worth watching without jack black,@christbellard,0,2025-02-21 03:47:02+00:00,UCOqQeB1uEqrLiCG4Yv3scRA,0
"anyone know what song is this, sounds familiar but idk the title",@yerirei,0,2025-02-21 07:27:54+00:00,UCVkUmCDDgQdm4dTw9I4YKTQ,0
"I think they could make adult Steve look more muscular and well exercised and less fat. 
It would make him look way cooler",@DanielthecoolestPokemonfan,5,2025-02-21 12:43:07+00:00,UCeJoTCDPkCLxKP-W4TPdTTw,1
"1:57 
‚ÄúWhat‚Äôs this junk‚Äù
Well it was supposed to be an ender pearl then they broke Minecraft laws and the universe punished them




WHY IS THERE A SPHERE IN M I N E C R A F T",@Shad0w_7122,0,2025-02-21 14:17:28+00:00,UCfNX5Ep38VXQZHvyEKOvIdQ,1
Imagine how many 12 year old are gonna be at the opening week...thats gonna be a fun movie theater to be in...,@apawonton1274,0,2025-02-21 16:16:46+00:00,UChSAhUTlckFF1emx6vI7khA,0
"Steve: ‚ÄúAlex, we need to craft these minors, we need more human in this world",@CosmicWatcher,0,2025-02-21 20:13:28+00:00,UC-dvMQc5rZfUZHfbEm_y90Q,0
"HEY I HAVE MADE MY FIRST MINECRAFT MOVIE, I WOULD LOVE FOR YOU TO WATCH IT AND TELL ME IF YOU LIKE IT.",@FictionFrameZ,0,2025-02-21 21:46:04+00:00,UCSWNubF7FLtTBPwrvbm4atA,0
imagine copyrighting someone elses Soundtrack that you don't own just because you made the Minecraft movie.,@Wii07ENTERTAINMENT,0,2025-02-21 23:06:58+00:00,UCS8PASN0qd7JPfHzg2ZgN2w,0
:(( I won‚Äôt have time to watch the Minecraft movie on April 4,@Lively_happy_RBLX,0,2025-02-21 23:14:02+00:00,UCJSnx1-AzN62Gyyu9kga1ZQ,0
I‚Äôm sure it will be full of leftist groomer propaganda instead of just being a funmovie about Minecraft,@rorschach723,0,2025-02-22 01:53:09+00:00,UC_DZZtxAw0akbTcp9VYBPqQ,0
I wonder Herobrine will be in the movie that will be awesome üëç,@perez2341,1,2025-02-22 02:36:19+00:00,UCoEfS_krdYkP1Fx5q6N56Yw,0
I wounder if it will be modded Minecraft or Vanilla?,@TransGurlGamer,1,2025-02-22 02:57:16+00:00,UC6dOkLhge_kF-yAhiBLEFTQ,0
You this movie is gonna be in Saint Jack. I literally saw a Minecraft so that one more in my mom did bite it.,@thedellorsos8382,0,2025-02-22 06:08:54+00:00,UC_BzHoQzwyNLXKU7vooBrkQ,0
Ponganle la voz de pacheco cara floja a algun personaje üó£üî•,@Jacidedp,1,2025-02-22 13:26:01+00:00,UC9_3Rh_et8Qd0ayejSk30Eg,0
"This isn‚Äôt Minecraft. Well, it‚Äôs Minecraft Warner. Bros. Edition üòÆ",@gameblast5575,1,2025-02-22 13:54:41+00:00,UCvgwUkHyl80pwZp3sfni5TA,0
"All our dreams are finally coming true! 

A Minecraft official movie!",@Kai_Flicker,1,2025-02-22 16:05:22+00:00,UCDu6WBnrunoof4HhC7utGDg,0
"Jesus te ama muito e te quer por perto, arrependam-se de seus erros e pecados o quanto antes, pois o rei vem em breve ‚ù§",@gabz3897,0,2025-02-22 16:54:30+00:00,UC7dUk2c0ZTI_A-Cd3yJGiEQ,0
"1:12 am i the only one that hears ""sigma boy""",@RealAspect7555,0,2025-02-22 17:11:20+00:00,UCDrDPKNz99OaZQtYwZ0zUUA,0
"Everything in this movie is weird, but I love it.",@MickeyMousePlushShow1928,0,2025-02-22 18:30:42+00:00,UCkddyfvUof10PWgTbX7iDVw,0
I want element animation to do the minecraft movie. It would be a hundred times better,@≈†imodelar,0,2025-02-22 20:18:22+00:00,UCsLZ0ZJMzfGVhy67Nnoe72g,0
can‚Äôt believe they didn‚Äôt add any type of old sound in the actual game in the movie..,@AK-PLAYS,0,2025-02-22 22:17:09+00:00,UCORVhS8LrFtudaiqGK-TeHw,0
"""As a Child, I yearn for the mines""
*Muffled Red Sun in the Distance*",@SuperFusionAJ93,3,2025-02-22 22:32:21+00:00,UC7-A1ND2KUwqPf7fyHXokTg,0
Never thought I'd see Pippa Fitz-Amobi in a minecraft movie,@coconutgirl-v5f,1,2025-02-23 00:30:19+00:00,UC8EfkF-uei6qKHEqSk38ffA,0
ÏûòÍµ¨ÌòÑÌñàÏñ¥Ïöî ÎßàÏù∏ÌÅ¨ÎûòÌîÑÌä∏ ÏòÅÌôî Í∏∞ÎåÄÎê©ÎãàÎã§ Í≤åÏûÑÍ∑∏ÎåÄÎ°úÏùò ÏùåÏïÖ ÌäπÏßï Ïûò ÏÇ¥Î†§ÏÑú ÎßåÎì§Ïñ¥Ï£ºÏÑ∏Ïöî‚ù§‚ù§üòä,@anjiyeon,1,2025-02-23 01:34:52+00:00,UCZJKLA6z7_xQtLO7SkqkumA,0
They dropped this before an actual good Minecraft update wow priorities,@aaronbubby5,1,2025-02-23 03:28:29+00:00,UCwhSIwsQz5YbttIO9VpJ9fw,0
When I was a kid I yearned for child labor,@Krawkodile,0,2025-02-23 06:32:09+00:00,UCTgLKyOMiIte3RG_I6vklhQ,0
"Well, first 30 secs felt as if dhar mann was  the narrator....",@Wolfpaq_96,0,2025-02-23 06:48:31+00:00,UC6hNIdj7PjSkFoOG_s5lHcQ,0
This is cool that they literally made a movie from a game that has zero sense of physics,@afatarly,1,2025-02-23 14:00:23+00:00,UCm5RucgdAb1coGXucvtWAiA,0
I like it but my sister didn't know what to tell,@MochiCookie-n6k,2,2025-02-23 16:20:17+00:00,UC40dToYfJi63ykg3Sqwzq7Q,0
I‚Äôm gonna watch this with my middle school band. We finna joke every second.,@Rayaan-u5o,0,2025-02-23 18:38:55+00:00,UC32R3E6CBGLVo3V-urqw7hw,0
The fact that when he is building he‚Äôs not holding a block,@Gravitation5647,0,2025-02-23 19:00:26+00:00,UCij6442OQAnpfg15wkm9SeQ,0
This movie better be more then 2 or 3 hours because this looks insanely awesome!,@Remii-Nezzy,0,2025-02-23 19:53:22+00:00,UC3u80alpVA84iqqCRGciA3g,0
"-""you are real hero, Brian""
-""Hero Brian? I like that""",@BallBirdSigma,2,2025-02-23 20:15:03+00:00,UC-vBvyBiSOMq_ARlhrXQ6LA,0
"I wished it was more animaited
Like the mario movie",@hamidhamidi4620,1,2025-02-23 20:41:41+00:00,UCkoP5-2yaUo77Cdrb2IVDyg,0
they shoulve made animation for when the ppl get put into the minecraft dimensions. use live action for the opening then animated the world of minecraft instead we got an even shittier version of the first movie trailer.,@grannys_ashes,1,2025-02-24 03:17:10+00:00,UCoHExs7-5FsX6RQ7i6cypnw,0
Idk if this is just me but this is kind of a banger,@leviCORR,0,2025-02-24 05:13:26+00:00,UCie0zokCBajva2ZatXUSHug,0
"Part of me wants to give this movie a chance. Way more excited for this than _Snow White_ , I'll say that much for now lmao ü§∑‚Äç‚ôÇÔ∏è",@LukeTheGhostKiller,1,2025-02-24 05:50:27+00:00,UCyIKjHoQQZyHY3BUDUwVgCg,0
"Hello, just me putting a dislike. Any how, good bye",@nm9489,1,2025-02-24 07:49:01+00:00,UCzvZ-obbuAXKptwGoO5iCZA,1
"Ok that opening was funny but I hate the design of the terrain
And wth is with the size inconsistency‚Äôs???",@Srt_resium,1,2025-02-24 13:03:03+00:00,UCu_MRqaPYkQQYUrNSE8NyvA,0
"Ngl, it looks way better than the first one, i feel kinda bad for hating on itüòÇ

 but then again it's them that made the first trailer look so bad",@bobthedestroyer6205,1,2025-02-24 15:44:25+00:00,UCIbjArOocnIT-xc2KFtPs7w,0
I have a feeling Steve could end up being the twist villain of the film,@JamesBonds-rb3my,0,2025-02-24 20:37:53+00:00,UCCLQ5JS_ndLMLlsjq5QvAMw,0
1:24 yep it's make no sense where did you think you are? You are in Minecraft block can randomly float in the air for no reason,@Pro_2009_le_vraix,1,2025-02-24 21:32:20+00:00,UCchGWB-j_58ibnNeyx0PsHQ,0
Still bugs me that as this movie was being made Mojang made the weird decision to make Ender Pearls damn near useless now,@fire8oy,0,2025-02-24 23:16:06+00:00,UChRaeLxAwAIFKW5wcnMCYbA,0
We got a 2nd tr√°iler of Minecraft movie before tgr deluxe edition V2,@TheREDresort,0,2025-02-25 02:08:33+00:00,UC--oSOSPljdAikzzNeLcZvg,0
i dont relly care about the look of the movie being bad i just want to see the movie it self,@CarlinJenkins,1,2025-02-25 15:10:48+00:00,UCNDQTc8hdW56q_uvUBDnuUw,0
"can 500 more of you quote the ""as a child i yearned for the mines"" part in the comment section again and again and again ?",@enzime,0,2025-02-25 17:43:26+00:00,UCO18cyt3kSqpVt8VJJbn_Kg,0
goofy ahh trailer. I want to watch it to prove everyone wrong but I don't actually think its going to be good,@1ittl3f0x.W1TCH,1,2025-02-26 00:06:01+00:00,UClxzUMrPKnQ_mvjLtr56iOg,0
Not gonna watch it because Jack Black can't stand him,@senpai_ZCK,2,2025-02-26 01:24:10+00:00,UCLeTd_0W63kDR1ZErrPjJ6w,1
This is some cringe s*** man welcome to life i guess this is the best we can do,@JuiceLord-d2z,1,2025-02-26 17:46:31+00:00,UCHoZ2vrTFVnXJYjvigia0tw,0
I dont think this looks as bad as everyone is making it out to be.,@joshs6259,2,2025-02-26 18:38:05+00:00,UCcDaHVe2efAoh74uYn3aLDw,0
This movie it looks way similar of Pok√©mon Detective Pikachu movie (2019),@chrisramirez5926,2,2025-02-26 20:20:06+00:00,UCNqr-DkR-yhID_fCciqaQXQ,0
"0:05 *‚ÄùI‚Ä¶am **_steeeeve.‚Äù_*
0:08 *‚ÄùAs a child I yearned for the mines.‚Äù*",@THF15920,3,2025-02-26 21:47:43+00:00,UCK5Et8ITvaEIdJATc97Sa3w,0
There is no way Warner bros chose this over making a batman beyond animated movie,@BrodyMartinez-ej6jh,2,2025-02-27 01:35:49+00:00,UCBaEPQOWeY_WvyyzVFw_OeQ,0
My dad wants me to watch this w him‚Ä¶   so you see this is my last few months of life,@Sharkwhale985,2,2025-02-27 01:44:08+00:00,UCafekmKwrVEBWt4xHCzHznA,0
"If you think about it, all the things they got wrong could be a sign of how long Steve or Jack Black has been in Minecraft and how he basically started modding his world.",@blanksubs7329,0,2025-02-27 02:35:42+00:00,UCCxi1q_wVwttOi2uEynX2ew,0
I don‚Äôt get all the hate honestly. I‚Äôve played this game my whole life and this is just a dream come true to me honestly.,@aronaguirre157,3,2025-02-27 02:59:51+00:00,UCwa4T9aK_i9LrCsNc6GHPoQ,0
Maybe the old Man is future steve telling his yiuger sleding not to go in the cave,@VoidG1234,0,2025-02-27 04:26:21+00:00,UCo11Zb-5ZpdSWIgoZaNnyuw,0
"‚Äúthere‚Äôs one thing you need to know‚Ä¶‚Äù

‚Äúnever dig straight down.‚Äù",@whydidyoutubechangemyuser,216,2025-02-27 11:42:16+00:00,UCKKTonlOKIlNlKgqeVuI81A,3
Pls tell me the name of this texture pack üíÄ,@YOKAIGAMINGYT-r2z,1,2025-02-27 14:12:51+00:00,UCa4DryCLLfRI6HcI3EC-9MQ,0
I don‚Äôt play Minecraft reLLY any more.üò¢üò¢üò¢ and my acount got deleted üò¢üò¢üò¢üò¢üò¢,@StephanieWorthington-n3x,0,2025-02-27 14:18:36+00:00,UCQGO6xWTaaQp7WR5mY5jsbA,0
Ok this is actually starting to seem like a good movie,@ClaytonReacts-h6l,2,2025-02-27 14:57:36+00:00,UCmitnSwJQ0tW11iw1W4uaXw,0
i dont think my computer will be able to handle this texture pack,@Riltal-real,1114,2025-02-27 16:25:05+00:00,UCLOSvKK8quDcPl6VAcZFyAA,6
"OMG, I want to see it right now!!! SO BANGER!!!!",@Shamada_,1,2025-02-27 20:02:16+00:00,UCC2zjYo1cqA9RjjIzrQPaeA,0
The movie needs to be reshot and the main actor Steve replaced with someone else because he is not perfect at all and if the movie is downloaded it will be subject to bullying please replace the actor who plays Steve,@MichaelAwed,0,2025-02-27 20:36:00+00:00,UCPxVq9fA0LXXzRF8PbgMqdQ,0
"*picks up arm and slaps the zombie*
BRO YOUR NOT UZI",@Glamrock_cheese,0,2025-02-27 21:47:37+00:00,UC0azOTLj7zNv49dvUuH98Lw,0
"The fact that they are trying to claim copyrights on the song‚Ä¶ no, it‚Äôs not yours just cause u made a (bad looking) movie about the game it‚Äôs from",@shark_bee,0,2025-02-27 22:01:12+00:00,UCY9xFPEvlLDDoZs04kYpgsQ,0
"1:43 this is garret in an elytra . Elytra‚Äôs are from the end, this implies Steve killed the ender dragon",@pinco1749,0,2025-02-27 22:04:50+00:00,UCNR5z-lJ7NDCJZX2vsUmEjw,0
I would've been more okay with it if the humans characters were cgi or animated or whatever too.,@Rainbowpanda2010,0,2025-02-27 23:21:54+00:00,UCPpg2ZykRytDMPJ2CTYCUZQ,0
Can‚Äôt believe there‚Äôs gona be a Minecraft movie before a gears of war movie üòî,@barrera545,0,2025-02-27 23:44:23+00:00,UCAw3QtTT4B8QmVjZ9lt1Ilw,0
"So the story in this movie, Steve originally is from our world but then finds a block for the underworld and it makes a portal that takes him to the Minecraft world? :0 maybe it‚Äôs a Minecraft secret code lolüòä",@TheRealOneSportyGuy,2,2025-02-28 00:48:56+00:00,UC1FkIT1iRxYmc1HNEGXCk1A,0
By far they used the worst song in minecraft they coult use,@malandelo-malandreomalande291,2,2025-02-28 01:54:08+00:00,UCbPLKiRB_qNEjjypE2E35Mw,0
"I LOVE YOU MINECRAFT, THANK YOU FOR BEING MY CHILDHOOD üíóüíö 
""Here creativity is vital to survive"" ü©∑üíö",@yairsitowo965,1,2025-02-28 02:03:28+00:00,UCR6dYIhowI-9lLfJsPhH7dw,0
quite brave of you guys to leave the comment section open!,@CheemsWithBlade,0,2025-02-28 06:24:20+00:00,UCWwQ8nh7pZNP1xMHxtOT86g,0
"There is nothing in this world that stirs less emotion in me than this bland, flavorless trailer, crafted by minds that seem utterly dull, drained of all passion, whose only ambition appears to be ticking off every box in a tired Hollywood formula. This worn-out blueprint relies entirely on the viewers‚Äô lack of critical thinking, feeding them an endless stream of pre-digested content designed to be consumed without the slightest effort ‚Äî a product tailor-made for brains dulled to the core, slowly rotting under the endless scrolling of TikTok.",@plumedemouton2085,3,2025-02-28 07:46:12+00:00,UCjhmSipiVEeSYZKW1UjON0A,1
#mentallymitch they made a this look worst than Snow White how‚Äôs that possible,@Dreamerlighting,0,2025-02-28 09:28:41+00:00,UCFuFBSgGCZ3UEviNhSxnirQ,0
"I love minecraft, but I hope this fails as bad as the borderlands movie. Especially with WB claiming C418‚Äôs music, absolutely evil",@beauhenry5309,0,2025-02-28 09:38:15+00:00,UCqqJvdTaEF4ZIyKWYZYurIw,0
This is basically a parody of Minecraft instead of an actual adaptation,@S0L12D3,0,2025-02-28 10:05:45+00:00,UCELsiOOAiYZvQUR8G9hDQKA,0
"I love films where the main villain is child labour laws. 

All Steve wanted to do was go into the mines, but those damn child labour laws said no!",@utter_cringe,0,2025-02-28 12:03:33+00:00,UCNqH7TZ8oY78UJk64ipPjZQ,0
No cuz I‚Äôm actually so excited to see Jason mamoa and jack black both in a goofy movie like thisüòÇ,@RANDXM_EDITXZZ,0,2025-02-28 12:42:14+00:00,UC5WvNNgfrpWcCO-4XQj5WFQ,0
Using the children yearn for the mines meme is actually peak,@damiencrain5804,0,2025-02-28 15:07:12+00:00,UC_JnXpunJc6CCY9VV1AfkIg,0
They better have pewdiepie in this. Else it‚Äôs more of a disappoint then it‚Äôs probably gonna be.,@nick127-b4n,0,2025-02-28 15:56:30+00:00,UCTAiaCnkSID5AEl-tkyMYzA,0
"You know what, this movie is gonna be a guilty pleasure for me.
Jack Black is the best actor ever.",@haileykitty6993,0,2025-02-28 16:12:05+00:00,UCWCkP42Jjp3b85aEXRrl1wQ,0
"Warner Brothers, you our mine crafted the game of our dreams thank you plus thank you for hiring Jack Black as
 Steveüéâ",@CJamesArt,0,2025-02-28 16:37:36+00:00,UCee0U33Z6kdny7D4FrGRxSg,0
"The weird thing is, the piglins which come into the overworld turn into zombie piglin, so they coming to the overworld makes no sense",@artsjam8845,2,2025-02-28 18:41:12+00:00,UCaCSz7hO43phJlfG010G_ew,1
Isn‚Äôt Steve supposed to be 2 meters tall not two meters wide,@jackhousser2817,3,2025-02-28 20:09:06+00:00,UC3l2E8ifRh05cug5rO03KCw,0
Sabes algo s√°came pel√≠cula de 2026 Siri porque t√∫ no sabes que vas a ver mi pel√≠cula de 2026,@SoybenjamilloYT,0,2025-02-28 20:31:04+00:00,UCxRruh91nJzeqYZMs23XuyQ,0
